Workbook
Name Data_Sources: OFFSET(Sources!$A$1, 1, 0, COUNTA(Sources!$A$1:$A$50)-1, 1)
Name Data_Sources_Full: Sources!$A$2:$F$50

Sheet How to Use
A1: How to Use: To use the calculator, first select a data source on the 'Backend' tab using the selector shown in cell B1. If you would like to add a new data source, add it as a new row on the 'Sources' tab. The three birthweight values and the standard deviation of birthweight at 40 weeks will be calculated on the 'Backend' tab based on the data source you draw the data from. These values can be adjusted depending on the population. The BW40_3705 values will automatically be generated from the data you provide. Once you have selected a data source, enter your data into columns A, B and C on the 'Calculator' tab. The 'Calculator' tab will also provide birthweight centiles assuming a +/-10% measurement error in the input birthweight, giving a range that the estimated fetal weight centile may fall between given the uncertainty in the input measurement.

Sheet Calculator
A1: Fetal Sex (Male, Female or Unknown) | B1: Birthweight (grams) | C1: Gestation (days) | D1: Is Data Valid | E1: BW40_3705 | F1: BW_GA | G1: Birthweight Z-Score | H1: Birthweight Z-Score (BW-10%) | I1: Birthweight Z-Score (BW+10%) | J1: Birthweight Centile | K1: Birthweight Centile (BW-10%) | L1: Birthweight Centile (BW+10%)
A2: Unknown | B2: 1939 | C2: 250 | D2: =IF(AND(NOT(ISBLANK(Table1[[#This Row],[Fetal Sex (Male, Female or Unknown)]])),ISNUMBER(Table1[[#This Row],[Birthweight (grams)]]),ISNUMBER(Table1[[#This Row],[Gestation (days)]])),TRUE,FALSE) -> TRUE | E2: =IF(Table1[[#This Row],[Is Data Valid]]=TRUE,IF(Table1[[#This Row],[Fetal Sex (Male, Female or Unknown)]]="Male",Backend!$C$6,IF(Table1[[#This Row],[Fetal Sex (Male, Female or Unknown)]]="Female",Backend!$C$7,IF(Table1[[#This Row],[Fetal Sex (Male, Female or Unknown)]]="Unknown",Backend!$C$8,"Error"))),"") -> 0.96302294 | F2: =IF(Table1[[#This Row],[Is Data Valid]]=TRUE,EXP(0.578+0.332*((Table1[[#This Row],[Gestation (days)]]+0.5)/7)-0.00354*((Table1[[#This Row],[Gestation (days)]]+0.5)/7)^2)*Table1[[#This Row],[BW40_3705]],"") -> 2664.5586 | G2: =IF(Table1[[#This Row],[Is Data Valid]]=TRUE,((Table1[[#This Row],[Birthweight (grams)]]/Table1[[#This Row],[BW_GA]])-1)/(Backend!$B$4/100*Table1[[#This Row],[BW40_3705]]),"") -> -2.5284764 | H2: =IF(Table1[[#This Row],[Is Data Valid]]=TRUE,((Table1[[#This Row],[Birthweight (grams)]]*0.9/Table1[[#This Row],[BW_GA]])-1)/(Backend!$B$4/100*Table1[[#This Row],[BW40_3705]]),"") -> -3.2041924 | I2: =IF(Table1[[#This Row],[Is Data Valid]]=TRUE,((Table1[[#This Row],[Birthweight (grams)]]*1.1/Table1[[#This Row],[BW_GA]])-1)/(Backend!$B$4/100*Table1[[#This Row],[BW40_3705]]),"") -> -1.8527604 | J2: =IF(Table1[[#This Row],[Is Data Valid]]=TRUE,_xlfn.NORM.S.DIST(Table1[[#This Row],[Birthweight Z-Score]],TRUE)*100,"") -> 0.57279394 | K2: =IF(Table1[[#This Row],[Is Data Valid]]=TRUE,_xlfn.NORM.S.DIST(Table1[[#This Row],[Birthweight Z-Score (BW-10%)]],TRUE)*100,"") -> 0.067720958 | L2: =IF(Table1[[#This Row],[Is Data Valid]]=TRUE,_xlfn.NORM.S.DIST(Table1[[#This Row],[Birthweight Z-Score (BW+10%)]],TRUE)*100,"") -> 3.1958357
A3: Unknown | B3: 1070 | C3: 200 | D3: =IF(AND(NOT(ISBLANK(Table1[[#This Row],[Fetal Sex (Male, Female or Unknown)]])),ISNUMBER(Table1[[#This Row],[Birthweight (grams)]]),ISNUMBER(Table1[[#This Row],[Gestation (days)]])),TRUE,FALSE) -> TRUE | E3: =IF(Table1[[#This Row],[Is Data Valid]]=TRUE,IF(Table1[[#This Row],[Fetal Sex (Male, Female or Unknown)]]="Male",Backend!$C$6,IF(Table1[[#This Row],[Fetal Sex (Male, Female or Unknown)]]="Female",Backend!$C$7,IF(Table1[[#This Row],[Fetal Sex (Male, Female or Unknown)]]="Unknown",Backend!$C$8,"Error"))),"") -> 0.96302294 | F3: =IF(Table1[[#This Row],[Is Data Valid]]=TRUE,EXP(0.578+0.332*((Table1[[#This Row],[Gestation (days)]]+0.5)/7)-0.00354*((Table1[[#This Row],[Gestation (days)]]+0.5)/7)^2)*Table1[[#This Row],[BW40_3705]],"") -> 1268.3696 | G3: =IF(Table1[[#This Row],[Is Data Valid]]=TRUE,((Table1[[#This Row],[Birthweight (grams)]]/Table1[[#This Row],[BW_GA]])-1)/(Backend!$B$4/100*Table1[[#This Row],[BW40_3705]]),"") -> -1.4522486 | H3: =IF(Table1[[#This Row],[Is Data Valid]]=TRUE,((Table1[[#This Row],[Birthweight (grams)]]*0.9/Table1[[#This Row],[BW_GA]])-1)/(Backend!$B$4/100*Table1[[#This Row],[BW40_3705]]),"") -> -2.2355874 | I3: =IF(Table1[[#This Row],[Is Data Valid]]=TRUE,((Table1[[#This Row],[Birthweight (grams)]]*1.1/Table1[[#This Row],[BW_GA]])-1)/(Backend!$B$4/100*Table1[[#This Row],[BW40_3705]]),"") -> -0.66890979 | J3: =IF(Table1[[#This Row],[Is Data Valid]]=TRUE,_xlfn.NORM.S.DIST(Table1[[#This Row],[Birthweight Z-Score]],TRUE)*100,"") -> 7.3216247 | K3: =IF(Table1[[#This Row],[Is Data Valid]]=TRUE,_xlfn.NORM.S.DIST(Table1[[#This Row],[Birthweight Z-Score (BW-10%)]],TRUE)*100,"") -> 1.2689405 | L3: =IF(Table1[[#This Row],[Is Data Valid]]=TRUE,_xlfn.NORM.S.DIST(Table1[[#This Row],[Birthweight Z-Score (BW+10%)]],TRUE)*100,"") -> 25.177651
A4: Male | B4: 3035 | C4: 280 | D4: =IF(AND(NOT(ISBLANK(Table1[[#This Row],[Fetal Sex (Male, Female or Unknown)]])),ISNUMBER(Table1[[#This Row],[Birthweight (grams)]]),ISNUMBER(Table1[[#This Row],[Gestation (days)]])),TRUE,FALSE) -> TRUE | E4: =IF(Table1[[#This Row],[Is Data Valid]]=TRUE,IF(Table1[[#This Row],[Fetal Sex (Male, Female or Unknown)]]="Male",Backend!$C$6,IF(Table1[[#This Row],[Fetal Sex (Male, Female or Unknown)]]="Female",Backend!$C$7,IF(Table1[[#This Row],[Fetal Sex (Male, Female or Unknown)]]="Unknown",Backend!$C$8,"Error"))),"") -> 0.9805668 | F4: =IF(Table1[[#This Row],[Is Data Valid]]=TRUE,EXP(0.578+0.332*((Table1[[#This Row],[Gestation (days)]]+0.5)/7)-0.00354*((Table1[[#This Row],[Gestation (days)]]+0.5)/7)^2)*Table1[[#This Row],[BW40_3705]],"") -> 3561.1655 | G4: =IF(Table1[[#This Row],[Is Data Valid]]=TRUE,((Table1[[#This Row],[Birthweight (grams)]]/Table1[[#This Row],[BW_GA]])-1)/(Backend!$B$4/100*Table1[[#This Row],[BW40_3705]]),"") -> -1.3474148 | H4: =IF(Table1[[#This Row],[Is Data Valid]]=TRUE,((Table1[[#This Row],[Birthweight (grams)]]*0.9/Table1[[#This Row],[BW_GA]])-1)/(Backend!$B$4/100*Table1[[#This Row],[BW40_3705]]),"") -> -2.1246236 | I4: =IF(Table1[[#This Row],[Is Data Valid]]=TRUE,((Table1[[#This Row],[Birthweight (grams)]]*1.1/Table1[[#This Row],[BW_GA]])-1)/(Backend!$B$4/100*Table1[[#This Row],[BW40_3705]]),"") -> -0.57020608 | J4: =IF(Table1[[#This Row],[Is Data Valid]]=TRUE,_xlfn.NORM.S.DIST(Table1[[#This Row],[Birthweight Z-Score]],TRUE)*100,"") -> 8.8923333 | K4: =IF(Table1[[#This Row],[Is Data Valid]]=TRUE,_xlfn.NORM.S.DIST(Table1[[#This Row],[Birthweight Z-Score (BW-10%)]],TRUE)*100,"") -> 1.6809017 | L4: =IF(Table1[[#This Row],[Is Data Valid]]=TRUE,_xlfn.NORM.S.DIST(Table1[[#This Row],[Birthweight Z-Score (BW+10%)]],TRUE)*100,"") -> 28.426897
A5: Female | B5: 2918 | C5: 280 | D5: =IF(AND(NOT(ISBLANK(Table1[[#This Row],[Fetal Sex (Male, Female or Unknown)]])),ISNUMBER(Table1[[#This Row],[Birthweight (grams)]]),ISNUMBER(Table1[[#This Row],[Gestation (days)]])),TRUE,FALSE) -> TRUE | E5: =IF(Table1[[#This Row],[Is Data Valid]]=TRUE,IF(Table1[[#This Row],[Fetal Sex (Male, Female or Unknown)]]="Male",Backend!$C$6,IF(Table1[[#This Row],[Fetal Sex (Male, Female or Unknown)]]="Female",Backend!$C$7,IF(Table1[[#This Row],[Fetal Sex (Male, Female or Unknown)]]="Unknown",Backend!$C$8,"Error"))),"") -> 0.94547908 | F5: =IF(Table1[[#This Row],[Is Data Valid]]=TRUE,EXP(0.578+0.332*((Table1[[#This Row],[Gestation (days)]]+0.5)/7)-0.00354*((Table1[[#This Row],[Gestation (days)]]+0.5)/7)^2)*Table1[[#This Row],[BW40_3705]],"") -> 3433.7359 | G5: =IF(Table1[[#This Row],[Is Data Valid]]=TRUE,((Table1[[#This Row],[Birthweight (grams)]]/Table1[[#This Row],[BW_GA]])-1)/(Backend!$B$4/100*Table1[[#This Row],[BW40_3705]]),"") -> -1.4205512 | H5: =IF(Table1[[#This Row],[Is Data Valid]]=TRUE,((Table1[[#This Row],[Birthweight (grams)]]*0.9/Table1[[#This Row],[BW_GA]])-1)/(Backend!$B$4/100*Table1[[#This Row],[BW40_3705]]),"") -> -2.2242897 | I5: =IF(Table1[[#This Row],[Is Data Valid]]=TRUE,((Table1[[#This Row],[Birthweight (grams)]]*1.1/Table1[[#This Row],[BW_GA]])-1)/(Backend!$B$4/100*Table1[[#This Row],[BW40_3705]]),"") -> -0.61681266 | J5: =IF(Table1[[#This Row],[Is Data Valid]]=TRUE,_xlfn.NORM.S.DIST(Table1[[#This Row],[Birthweight Z-Score]],TRUE)*100,"") -> 7.7723637 | K5: =IF(Table1[[#This Row],[Is Data Valid]]=TRUE,_xlfn.NORM.S.DIST(Table1[[#This Row],[Birthweight Z-Score (BW-10%)]],TRUE)*100,"") -> 1.3064478 | L5: =IF(Table1[[#This Row],[Is Data Valid]]=TRUE,_xlfn.NORM.S.DIST(Table1[[#This Row],[Birthweight Z-Score (BW+10%)]],TRUE)*100,"") -> 26.867915
D6: =IF(AND(NOT(ISBLANK(Table1[[#This Row],[Fetal Sex (Male, Female or Unknown)]])),ISNUMBER(Table1[[#This Row],[Birthweight (grams)]]),ISNUMBER(Table1[[#This Row],[Gestation (days)]])),TRUE,FALSE) -> FALSE | E6: =IF(Table1[[#This Row],[Is Data Valid]]=TRUE,IF(Table1[[#This Row],[Fetal Sex (Male, Female or Unknown)]]="Male",Backend!$C$6,IF(Table1[[#This Row],[Fetal Sex (Male, Female or Unknown)]]="Female",Backend!$C$7,IF(Table1[[#This Row],[Fetal Sex (Male, Female or Unknown)]]="Unknown",Backend!$C$8,"Error"))),"") | F6: =IF(Table1[[#This Row],[Is Data Valid]]=TRUE,EXP(0.578+0.332*((Table1[[#This Row],[Gestation (days)]]+0.5)/7)-0.00354*((Table1[[#This Row],[Gestation (days)]]+0.5)/7)^2)*Table1[[#This Row],[BW40_3705]],"") | G6: =IF(Table1[[#This Row],[Is Data Valid]]=TRUE,((Table1[[#This Row],[Birthweight (grams)]]/Table1[[#This Row],[BW_GA]])-1)/(Backend!$B$4/100*Table1[[#This Row],[BW40_3705]]),"") | H6: =IF(Table1[[#This Row],[Is Data Valid]]=TRUE,((Table1[[#This Row],[Birthweight (grams)]]*0.9/Table1[[#This Row],[BW_GA]])-1)/(Backend!$B$4/100*Table1[[#This Row],[BW40_3705]]),"") | I6: =IF(Table1[[#This Row],[Is Data Valid]]=TRUE,((Table1[[#This Row],[Birthweight (grams)]]*1.1/Table1[[#This Row],[BW_GA]])-1)/(Backend!$B$4/100*Table1[[#This Row],[BW40_3705]]),"") | J6: =IF(Table1[[#This Row],[Is Data Valid]]=TRUE,_xlfn.NORM.S.DIST(Table1[[#This Row],[Birthweight Z-Score]],TRUE)*100,"") | K6: =IF(Table1[[#This Row],[Is Data Valid]]=TRUE,_xlfn.NORM.S.DIST(Table1[[#This Row],[Birthweight Z-Score (BW-10%)]],TRUE)*100,"") | L6: =IF(Table1[[#This Row],[Is Data Valid]]=TRUE,_xlfn.NORM.S.DIST(Table1[[#This Row],[Birthweight Z-Score (BW+10%)]],TRUE)*100,"")
D7: =IF(AND(NOT(ISBLANK(Table1[[#This Row],[Fetal Sex (Male, Female or Unknown)]])),ISNUMBER(Table1[[#This Row],[Birthweight (grams)]]),ISNUMBER(Table1[[#This Row],[Gestation (days)]])),TRUE,FALSE) -> FALSE | E7: =IF(Table1[[#This Row],[Is Data Valid]]=TRUE,IF(Table1[[#This Row],[Fetal Sex (Male, Female or Unknown)]]="Male",Backend!$C$6,IF(Table1[[#This Row],[Fetal Sex (Male, Female or Unknown)]]="Female",Backend!$C$7,IF(Table1[[#This Row],[Fetal Sex (Male, Female or Unknown)]]="Unknown",Backend!$C$8,"Error"))),"") | F7: =IF(Table1[[#This Row],[Is Data Valid]]=TRUE,EXP(0.578+0.332*((Table1[[#This Row],[Gestation (days)]]+0.5)/7)-0.00354*((Table1[[#This Row],[Gestation (days)]]+0.5)/7)^2)*Table1[[#This Row],[BW40_3705]],"") | G7: =IF(Table1[[#This Row],[Is Data Valid]]=TRUE,((Table1[[#This Row],[Birthweight (grams)]]/Table1[[#This Row],[BW_GA]])-1)/(Backend!$B$4/100*Table1[[#This Row],[BW40_3705]]),"") | H7: =IF(Table1[[#This Row],[Is Data Valid]]=TRUE,((Table1[[#This Row],[Birthweight (grams)]]*0.9/Table1[[#This Row],[BW_GA]])-1)/(Backend!$B$4/100*Table1[[#This Row],[BW40_3705]]),"") | I7: =IF(Table1[[#This Row],[Is Data Valid]]=TRUE,((Table1[[#This Row],[Birthweight (grams)]]*1.1/Table1[[#This Row],[BW_GA]])-1)/(Backend!$B$4/100*Table1[[#This Row],[BW40_3705]]),"") | J7: =IF(Table1[[#This Row],[Is Data Valid]]=TRUE,_xlfn.NORM.S.DIST(Table1[[#This Row],[Birthweight Z-Score]],TRUE)*100,"") | K7: =IF(Table1[[#This Row],[Is Data Valid]]=TRUE,_xlfn.NORM.S.DIST(Table1[[#This Row],[Birthweight Z-Score (BW-10%)]],TRUE)*100,"") | L7: =IF(Table1[[#This Row],[Is Data Valid]]=TRUE,_xlfn.NORM.S.DIST(Table1[[#This Row],[Birthweight Z-Score (BW+10%)]],TRUE)*100,"")
D8: =IF(AND(NOT(ISBLANK(Table1[[#This Row],[Fetal Sex (Male, Female or Unknown)]])),ISNUMBER(Table1[[#This Row],[Birthweight (grams)]]),ISNUMBER(Table1[[#This Row],[Gestation (days)]])),TRUE,FALSE) -> FALSE | E8: =IF(Table1[[#This Row],[Is Data Valid]]=TRUE,IF(Table1[[#This Row],[Fetal Sex (Male, Female or Unknown)]]="Male",Backend!$C$6,IF(Table1[[#This Row],[Fetal Sex (Male, Female or Unknown)]]="Female",Backend!$C$7,IF(Table1[[#This Row],[Fetal Sex (Male, Female or Unknown)]]="Unknown",Backend!$C$8,"Error"))),"") | F8: =IF(Table1[[#This Row],[Is Data Valid]]=TRUE,EXP(0.578+0.332*((Table1[[#This Row],[Gestation (days)]]+0.5)/7)-0.00354*((Table1[[#This Row],[Gestation (days)]]+0.5)/7)^2)*Table1[[#This Row],[BW40_3705]],"") | G8: =IF(Table1[[#This Row],[Is Data Valid]]=TRUE,((Table1[[#This Row],[Birthweight (grams)]]/Table1[[#This Row],[BW_GA]])-1)/(Backend!$B$4/100*Table1[[#This Row],[BW40_3705]]),"") | H8: =IF(Table1[[#This Row],[Is Data Valid]]=TRUE,((Table1[[#This Row],[Birthweight (grams)]]*0.9/Table1[[#This Row],[BW_GA]])-1)/(Backend!$B$4/100*Table1[[#This Row],[BW40_3705]]),"") | I8: =IF(Table1[[#This Row],[Is Data Valid]]=TRUE,((Table1[[#This Row],[Birthweight (grams)]]*1.1/Table1[[#This Row],[BW_GA]])-1)/(Backend!$B$4/100*Table1[[#This Row],[BW40_3705]]),"") | J8: =IF(Table1[[#This Row],[Is Data Valid]]=TRUE,_xlfn.NORM.S.DIST(Table1[[#This Row],[Birthweight Z-Score]],TRUE)*100,"") | K8: =IF(Table1[[#This Row],[Is Data Valid]]=TRUE,_xlfn.NORM.S.DIST(Table1[[#This Row],[Birthweight Z-Score (BW-10%)]],TRUE)*100,"") | L8: =IF(Table1[[#This Row],[Is Data Valid]]=TRUE,_xlfn.NORM.S.DIST(Table1[[#This Row],[Birthweight Z-Score (BW+10%)]],TRUE)*100,"")
D9: =IF(AND(NOT(ISBLANK(Table1[[#This Row],[Fetal Sex (Male, Female or Unknown)]])),ISNUMBER(Table1[[#This Row],[Birthweight (grams)]]),ISNUMBER(Table1[[#This Row],[Gestation (days)]])),TRUE,FALSE) -> FALSE | E9: =IF(Table1[[#This Row],[Is Data Valid]]=TRUE,IF(Table1[[#This Row],[Fetal Sex (Male, Female or Unknown)]]="Male",Backend!$C$6,IF(Table1[[#This Row],[Fetal Sex (Male, Female or Unknown)]]="Female",Backend!$C$7,IF(Table1[[#This Row],[Fetal Sex (Male, Female or Unknown)]]="Unknown",Backend!$C$8,"Error"))),"") | F9: =IF(Table1[[#This Row],[Is Data Valid]]=TRUE,EXP(0.578+0.332*((Table1[[#This Row],[Gestation (days)]]+0.5)/7)-0.00354*((Table1[[#This Row],[Gestation (days)]]+0.5)/7)^2)*Table1[[#This Row],[BW40_3705]],"") | G9: =IF(Table1[[#This Row],[Is Data Valid]]=TRUE,((Table1[[#This Row],[Birthweight (grams)]]/Table1[[#This Row],[BW_GA]])-1)/(Backend!$B$4/100*Table1[[#This Row],[BW40_3705]]),"") | H9: =IF(Table1[[#This Row],[Is Data Valid]]=TRUE,((Table1[[#This Row],[Birthweight (grams)]]*0.9/Table1[[#This Row],[BW_GA]])-1)/(Backend!$B$4/100*Table1[[#This Row],[BW40_3705]]),"") | I9: =IF(Table1[[#This Row],[Is Data Valid]]=TRUE,((Table1[[#This Row],[Birthweight (grams)]]*1.1/Table1[[#This Row],[BW_GA]])-1)/(Backend!$B$4/100*Table1[[#This Row],[BW40_3705]]),"") | J9: =IF(Table1[[#This Row],[Is Data Valid]]=TRUE,_xlfn.NORM.S.DIST(Table1[[#This Row],[Birthweight Z-Score]],TRUE)*100,"") | K9: =IF(Table1[[#This Row],[Is Data Valid]]=TRUE,_xlfn.NORM.S.DIST(Table1[[#This Row],[Birthweight Z-Score (BW-10%)]],TRUE)*100,"") | L9: =IF(Table1[[#This Row],[Is Data Valid]]=TRUE,_xlfn.NORM.S.DIST(Table1[[#This Row],[Birthweight Z-Score (BW+10%)]],TRUE)*100,"")
D10: =IF(AND(NOT(ISBLANK(Table1[[#This Row],[Fetal Sex (Male, Female or Unknown)]])),ISNUMBER(Table1[[#This Row],[Birthweight (grams)]]),ISNUMBER(Table1[[#This Row],[Gestation (days)]])),TRUE,FALSE) -> FALSE | E10: =IF(Table1[[#This Row],[Is Data Valid]]=TRUE,IF(Table1[[#This Row],[Fetal Sex (Male, Female or Unknown)]]="Male",Backend!$C$6,IF(Table1[[#This Row],[Fetal Sex (Male, Female or Unknown)]]="Female",Backend!$C$7,IF(Table1[[#This Row],[Fetal Sex (Male, Female or Unknown)]]="Unknown",Backend!$C$8,"Error"))),"") | F10: =IF(Table1[[#This Row],[Is Data Valid]]=TRUE,EXP(0.578+0.332*((Table1[[#This Row],[Gestation (days)]]+0.5)/7)-0.00354*((Table1[[#This Row],[Gestation (days)]]+0.5)/7)^2)*Table1[[#This Row],[BW40_3705]],"") | G10: =IF(Table1[[#This Row],[Is Data Valid]]=TRUE,((Table1[[#This Row],[Birthweight (grams)]]/Table1[[#This Row],[BW_GA]])-1)/(Backend!$B$4/100*Table1[[#This Row],[BW40_3705]]),"") | H10: =IF(Table1[[#This Row],[Is Data Valid]]=TRUE,((Table1[[#This Row],[Birthweight (grams)]]*0.9/Table1[[#This Row],[BW_GA]])-1)/(Backend!$B$4/100*Table1[[#This Row],[BW40_3705]]),"") | I10: =IF(Table1[[#This Row],[Is Data Valid]]=TRUE,((Table1[[#This Row],[Birthweight (grams)]]*1.1/Table1[[#This Row],[BW_GA]])-1)/(Backend!$B$4/100*Table1[[#This Row],[BW40_3705]]),"") | J10: =IF(Table1[[#This Row],[Is Data Valid]]=TRUE,_xlfn.NORM.S.DIST(Table1[[#This Row],[Birthweight Z-Score]],TRUE)*100,"") | K10: =IF(Table1[[#This Row],[Is Data Valid]]=TRUE,_xlfn.NORM.S.DIST(Table1[[#This Row],[Birthweight Z-Score (BW-10%)]],TRUE)*100,"") | L10: =IF(Table1[[#This Row],[Is Data Valid]]=TRUE,_xlfn.NORM.S.DIST(Table1[[#This Row],[Birthweight Z-Score (BW+10%)]],TRUE)*100,"")
D11: =IF(AND(NOT(ISBLANK(Table1[[#This Row],[Fetal Sex (Male, Female or Unknown)]])),ISNUMBER(Table1[[#This Row],[Birthweight (grams)]]),ISNUMBER(Table1[[#This Row],[Gestation (days)]])),TRUE,FALSE) -> FALSE | E11: =IF(Table1[[#This Row],[Is Data Valid]]=TRUE,IF(Table1[[#This Row],[Fetal Sex (Male, Female or Unknown)]]="Male",Backend!$C$6,IF(Table1[[#This Row],[Fetal Sex (Male, Female or Unknown)]]="Female",Backend!$C$7,IF(Table1[[#This Row],[Fetal Sex (Male, Female or Unknown)]]="Unknown",Backend!$C$8,"Error"))),"") | F11: =IF(Table1[[#This Row],[Is Data Valid]]=TRUE,EXP(0.578+0.332*((Table1[[#This Row],[Gestation (days)]]+0.5)/7)-0.00354*((Table1[[#This Row],[Gestation (days)]]+0.5)/7)^2)*Table1[[#This Row],[BW40_3705]],"") | G11: =IF(Table1[[#This Row],[Is Data Valid]]=TRUE,((Table1[[#This Row],[Birthweight (grams)]]/Table1[[#This Row],[BW_GA]])-1)/(Backend!$B$4/100*Table1[[#This Row],[BW40_3705]]),"") | H11: =IF(Table1[[#This Row],[Is Data Valid]]=TRUE,((Table1[[#This Row],[Birthweight (grams)]]*0.9/Table1[[#This Row],[BW_GA]])-1)/(Backend!$B$4/100*Table1[[#This Row],[BW40_3705]]),"") | I11: =IF(Table1[[#This Row],[Is Data Valid]]=TRUE,((Table1[[#This Row],[Birthweight (grams)]]*1.1/Table1[[#This Row],[BW_GA]])-1)/(Backend!$B$4/100*Table1[[#This Row],[BW40_3705]]),"") | J11: =IF(Table1[[#This Row],[Is Data Valid]]=TRUE,_xlfn.NORM.S.DIST(Table1[[#This Row],[Birthweight Z-Score]],TRUE)*100,"") | K11: =IF(Table1[[#This Row],[Is Data Valid]]=TRUE,_xlfn.NORM.S.DIST(Table1[[#This Row],[Birthweight Z-Score (BW-10%)]],TRUE)*100,"") | L11: =IF(Table1[[#This Row],[Is Data Valid]]=TRUE,_xlfn.NORM.S.DIST(Table1[[#This Row],[Birthweight Z-Score (BW+10%)]],TRUE)*100,"")
D12: =IF(AND(NOT(ISBLANK(Table1[[#This Row],[Fetal Sex (Male, Female or Unknown)]])),ISNUMBER(Table1[[#This Row],[Birthweight (grams)]]),ISNUMBER(Table1[[#This Row],[Gestation (days)]])),TRUE,FALSE) -> FALSE | E12: =IF(Table1[[#This Row],[Is Data Valid]]=TRUE,IF(Table1[[#This Row],[Fetal Sex (Male, Female or Unknown)]]="Male",Backend!$C$6,IF(Table1[[#This Row],[Fetal Sex (Male, Female or Unknown)]]="Female",Backend!$C$7,IF(Table1[[#This Row],[Fetal Sex (Male, Female or Unknown)]]="Unknown",Backend!$C$8,"Error"))),"") | F12: =IF(Table1[[#This Row],[Is Data Valid]]=TRUE,EXP(0.578+0.332*((Table1[[#This Row],[Gestation (days)]]+0.5)/7)-0.00354*((Table1[[#This Row],[Gestation (days)]]+0.5)/7)^2)*Table1[[#This Row],[BW40_3705]],"") | G12: =IF(Table1[[#This Row],[Is Data Valid]]=TRUE,((Table1[[#This Row],[Birthweight (grams)]]/Table1[[#This Row],[BW_GA]])-1)/(Backend!$B$4/100*Table1[[#This Row],[BW40_3705]]),"") | H12: =IF(Table1[[#This Row],[Is Data Valid]]=TRUE,((Table1[[#This Row],[Birthweight (grams)]]*0.9/Table1[[#This Row],[BW_GA]])-1)/(Backend!$B$4/100*Table1[[#This Row],[BW40_3705]]),"") | I12: =IF(Table1[[#This Row],[Is Data Valid]]=TRUE,((Table1[[#This Row],[Birthweight (grams)]]*1.1/Table1[[#This Row],[BW_GA]])-1)/(Backend!$B$4/100*Table1[[#This Row],[BW40_3705]]),"") | J12: =IF(Table1[[#This Row],[Is Data Valid]]=TRUE,_xlfn.NORM.S.DIST(Table1[[#This Row],[Birthweight Z-Score]],TRUE)*100,"") | K12: =IF(Table1[[#This Row],[Is Data Valid]]=TRUE,_xlfn.NORM.S.DIST(Table1[[#This Row],[Birthweight Z-Score (BW-10%)]],TRUE)*100,"") | L12: =IF(Table1[[#This Row],[Is Data Valid]]=TRUE,_xlfn.NORM.S.DIST(Table1[[#This Row],[Birthweight Z-Score (BW+10%)]],TRUE)*100,"")
D13: =IF(AND(NOT(ISBLANK(Table1[[#This Row],[Fetal Sex (Male, Female or Unknown)]])),ISNUMBER(Table1[[#This Row],[Birthweight (grams)]]),ISNUMBER(Table1[[#This Row],[Gestation (days)]])),TRUE,FALSE) -> FALSE | E13: =IF(Table1[[#This Row],[Is Data Valid]]=TRUE,IF(Table1[[#This Row],[Fetal Sex (Male, Female or Unknown)]]="Male",Backend!$C$6,IF(Table1[[#This Row],[Fetal Sex (Male, Female or Unknown)]]="Female",Backend!$C$7,IF(Table1[[#This Row],[Fetal Sex (Male, Female or Unknown)]]="Unknown",Backend!$C$8,"Error"))),"") | F13: =IF(Table1[[#This Row],[Is Data Valid]]=TRUE,EXP(0.578+0.332*((Table1[[#This Row],[Gestation (days)]]+0.5)/7)-0.00354*((Table1[[#This Row],[Gestation (days)]]+0.5)/7)^2)*Table1[[#This Row],[BW40_3705]],"") | G13: =IF(Table1[[#This Row],[Is Data Valid]]=TRUE,((Table1[[#This Row],[Birthweight (grams)]]/Table1[[#This Row],[BW_GA]])-1)/(Backend!$B$4/100*Table1[[#This Row],[BW40_3705]]),"") | H13: =IF(Table1[[#This Row],[Is Data Valid]]=TRUE,((Table1[[#This Row],[Birthweight (grams)]]*0.9/Table1[[#This Row],[BW_GA]])-1)/(Backend!$B$4/100*Table1[[#This Row],[BW40_3705]]),"") | I13: =IF(Table1[[#This Row],[Is Data Valid]]=TRUE,((Table1[[#This Row],[Birthweight (grams)]]*1.1/Table1[[#This Row],[BW_GA]])-1)/(Backend!$B$4/100*Table1[[#This Row],[BW40_3705]]),"") | J13: =IF(Table1[[#This Row],[Is Data Valid]]=TRUE,_xlfn.NORM.S.DIST(Table1[[#This Row],[Birthweight Z-Score]],TRUE)*100,"") | K13: =IF(Table1[[#This Row],[Is Data Valid]]=TRUE,_xlfn.NORM.S.DIST(Table1[[#This Row],[Birthweight Z-Score (BW-10%)]],TRUE)*100,"") | L13: =IF(Table1[[#This Row],[Is Data Valid]]=TRUE,_xlfn.NORM.S.DIST(Table1[[#This Row],[Birthweight Z-Score (BW+10%)]],TRUE)*100,"")
D14: =IF(AND(NOT(ISBLANK(Table1[[#This Row],[Fetal Sex (Male, Female or Unknown)]])),ISNUMBER(Table1[[#This Row],[Birthweight (grams)]]),ISNUMBER(Table1[[#This Row],[Gestation (days)]])),TRUE,FALSE) -> FALSE | E14: =IF(Table1[[#This Row],[Is Data Valid]]=TRUE,IF(Table1[[#This Row],[Fetal Sex (Male, Female or Unknown)]]="Male",Backend!$C$6,IF(Table1[[#This Row],[Fetal Sex (Male, Female or Unknown)]]="Female",Backend!$C$7,IF(Table1[[#This Row],[Fetal Sex (Male, Female or Unknown)]]="Unknown",Backend!$C$8,"Error"))),"") | F14: =IF(Table1[[#This Row],[Is Data Valid]]=TRUE,EXP(0.578+0.332*((Table1[[#This Row],[Gestation (days)]]+0.5)/7)-0.00354*((Table1[[#This Row],[Gestation (days)]]+0.5)/7)^2)*Table1[[#This Row],[BW40_3705]],"") | G14: =IF(Table1[[#This Row],[Is Data Valid]]=TRUE,((Table1[[#This Row],[Birthweight (grams)]]/Table1[[#This Row],[BW_GA]])-1)/(Backend!$B$4/100*Table1[[#This Row],[BW40_3705]]),"") | H14: =IF(Table1[[#This Row],[Is Data Valid]]=TRUE,((Table1[[#This Row],[Birthweight (grams)]]*0.9/Table1[[#This Row],[BW_GA]])-1)/(Backend!$B$4/100*Table1[[#This Row],[BW40_3705]]),"") | I14: =IF(Table1[[#This Row],[Is Data Valid]]=TRUE,((Table1[[#This Row],[Birthweight (grams)]]*1.1/Table1[[#This Row],[BW_GA]])-1)/(Backend!$B$4/100*Table1[[#This Row],[BW40_3705]]),"") | J14: =IF(Table1[[#This Row],[Is Data Valid]]=TRUE,_xlfn.NORM.S.DIST(Table1[[#This Row],[Birthweight Z-Score]],TRUE)*100,"") | K14: =IF(Table1[[#This Row],[Is Data Valid]]=TRUE,_xlfn.NORM.S.DIST(Table1[[#This Row],[Birthweight Z-Score (BW-10%)]],TRUE)*100,"") | L14: =IF(Table1[[#This Row],[Is Data Valid]]=TRUE,_xlfn.NORM.S.DIST(Table1[[#This Row],[Birthweight Z-Score (BW+10%)]],TRUE)*100,"")
D15: =IF(AND(NOT(ISBLANK(Table1[[#This Row],[Fetal Sex (Male, Female or Unknown)]])),ISNUMBER(Table1[[#This Row],[Birthweight (grams)]]),ISNUMBER(Table1[[#This Row],[Gestation (days)]])),TRUE,FALSE) -> FALSE | E15: =IF(Table1[[#This Row],[Is Data Valid]]=TRUE,IF(Table1[[#This Row],[Fetal Sex (Male, Female or Unknown)]]="Male",Backend!$C$6,IF(Table1[[#This Row],[Fetal Sex (Male, Female or Unknown)]]="Female",Backend!$C$7,IF(Table1[[#This Row],[Fetal Sex (Male, Female or Unknown)]]="Unknown",Backend!$C$8,"Error"))),"") | F15: =IF(Table1[[#This Row],[Is Data Valid]]=TRUE,EXP(0.578+0.332*((Table1[[#This Row],[Gestation (days)]]+0.5)/7)-0.00354*((Table1[[#This Row],[Gestation (days)]]+0.5)/7)^2)*Table1[[#This Row],[BW40_3705]],"") | G15: =IF(Table1[[#This Row],[Is Data Valid]]=TRUE,((Table1[[#This Row],[Birthweight (grams)]]/Table1[[#This Row],[BW_GA]])-1)/(Backend!$B$4/100*Table1[[#This Row],[BW40_3705]]),"") | H15: =IF(Table1[[#This Row],[Is Data Valid]]=TRUE,((Table1[[#This Row],[Birthweight (grams)]]*0.9/Table1[[#This Row],[BW_GA]])-1)/(Backend!$B$4/100*Table1[[#This Row],[BW40_3705]]),"") | I15: =IF(Table1[[#This Row],[Is Data Valid]]=TRUE,((Table1[[#This Row],[Birthweight (grams)]]*1.1/Table1[[#This Row],[BW_GA]])-1)/(Backend!$B$4/100*Table1[[#This Row],[BW40_3705]]),"") | J15: =IF(Table1[[#This Row],[Is Data Valid]]=TRUE,_xlfn.NORM.S.DIST(Table1[[#This Row],[Birthweight Z-Score]],TRUE)*100,"") | K15: =IF(Table1[[#This Row],[Is Data Valid]]=TRUE,_xlfn.NORM.S.DIST(Table1[[#This Row],[Birthweight Z-Score (BW-10%)]],TRUE)*100,"") | L15: =IF(Table1[[#This Row],[Is Data Valid]]=TRUE,_xlfn.NORM.S.DIST(Table1[[#This Row],[Birthweight Z-Score (BW+10%)]],TRUE)*100,"")
D16: =IF(AND(NOT(ISBLANK(Table1[[#This Row],[Fetal Sex (Male, Female or Unknown)]])),ISNUMBER(Table1[[#This Row],[Birthweight (grams)]]),ISNUMBER(Table1[[#This Row],[Gestation (days)]])),TRUE,FALSE) -> FALSE | E16: =IF(Table1[[#This Row],[Is Data Valid]]=TRUE,IF(Table1[[#This Row],[Fetal Sex (Male, Female or Unknown)]]="Male",Backend!$C$6,IF(Table1[[#This Row],[Fetal Sex (Male, Female or Unknown)]]="Female",Backend!$C$7,IF(Table1[[#This Row],[Fetal Sex (Male, Female or Unknown)]]="Unknown",Backend!$C$8,"Error"))),"") | F16: =IF(Table1[[#This Row],[Is Data Valid]]=TRUE,EXP(0.578+0.332*((Table1[[#This Row],[Gestation (days)]]+0.5)/7)-0.00354*((Table1[[#This Row],[Gestation (days)]]+0.5)/7)^2)*Table1[[#This Row],[BW40_3705]],"") | G16: =IF(Table1[[#This Row],[Is Data Valid]]=TRUE,((Table1[[#This Row],[Birthweight (grams)]]/Table1[[#This Row],[BW_GA]])-1)/(Backend!$B$4/100*Table1[[#This Row],[BW40_3705]]),"") | H16: =IF(Table1[[#This Row],[Is Data Valid]]=TRUE,((Table1[[#This Row],[Birthweight (grams)]]*0.9/Table1[[#This Row],[BW_GA]])-1)/(Backend!$B$4/100*Table1[[#This Row],[BW40_3705]]),"") | I16: =IF(Table1[[#This Row],[Is Data Valid]]=TRUE,((Table1[[#This Row],[Birthweight (grams)]]*1.1/Table1[[#This Row],[BW_GA]])-1)/(Backend!$B$4/100*Table1[[#This Row],[BW40_3705]]),"") | J16: =IF(Table1[[#This Row],[Is Data Valid]]=TRUE,_xlfn.NORM.S.DIST(Table1[[#This Row],[Birthweight Z-Score]],TRUE)*100,"") | K16: =IF(Table1[[#This Row],[Is Data Valid]]=TRUE,_xlfn.NORM.S.DIST(Table1[[#This Row],[Birthweight Z-Score (BW-10%)]],TRUE)*100,"") | L16: =IF(Table1[[#This Row],[Is Data Valid]]=TRUE,_xlfn.NORM.S.DIST(Table1[[#This Row],[Birthweight Z-Score (BW+10%)]],TRUE)*100,"")
D17: =IF(AND(NOT(ISBLANK(Table1[[#This Row],[Fetal Sex (Male, Female or Unknown)]])),ISNUMBER(Table1[[#This Row],[Birthweight (grams)]]),ISNUMBER(Table1[[#This Row],[Gestation (days)]])),TRUE,FALSE) -> FALSE | E17: =IF(Table1[[#This Row],[Is Data Valid]]=TRUE,IF(Table1[[#This Row],[Fetal Sex (Male, Female or Unknown)]]="Male",Backend!$C$6,IF(Table1[[#This Row],[Fetal Sex (Male, Female or Unknown)]]="Female",Backend!$C$7,IF(Table1[[#This Row],[Fetal Sex (Male, Female or Unknown)]]="Unknown",Backend!$C$8,"Error"))),"") | F17: =IF(Table1[[#This Row],[Is Data Valid]]=TRUE,EXP(0.578+0.332*((Table1[[#This Row],[Gestation (days)]]+0.5)/7)-0.00354*((Table1[[#This Row],[Gestation (days)]]+0.5)/7)^2)*Table1[[#This Row],[BW40_3705]],"") | G17: =IF(Table1[[#This Row],[Is Data Valid]]=TRUE,((Table1[[#This Row],[Birthweight (grams)]]/Table1[[#This Row],[BW_GA]])-1)/(Backend!$B$4/100*Table1[[#This Row],[BW40_3705]]),"") | H17: =IF(Table1[[#This Row],[Is Data Valid]]=TRUE,((Table1[[#This Row],[Birthweight (grams)]]*0.9/Table1[[#This Row],[BW_GA]])-1)/(Backend!$B$4/100*Table1[[#This Row],[BW40_3705]]),"") | I17: =IF(Table1[[#This Row],[Is Data Valid]]=TRUE,((Table1[[#This Row],[Birthweight (grams)]]*1.1/Table1[[#This Row],[BW_GA]])-1)/(Backend!$B$4/100*Table1[[#This Row],[BW40_3705]]),"") | J17: =IF(Table1[[#This Row],[Is Data Valid]]=TRUE,_xlfn.NORM.S.DIST(Table1[[#This Row],[Birthweight Z-Score]],TRUE)*100,"") | K17: =IF(Table1[[#This Row],[Is Data Valid]]=TRUE,_xlfn.NORM.S.DIST(Table1[[#This Row],[Birthweight Z-Score (BW-10%)]],TRUE)*100,"") | L17: =IF(Table1[[#This Row],[Is Data Valid]]=TRUE,_xlfn.NORM.S.DIST(Table1[[#This Row],[Birthweight Z-Score (BW+10%)]],TRUE)*100,"")
... D10000: =IF(AND(NOT(ISBLANK(Table1[[#This Row],[Fetal Sex (Male, Female or Unknown)]])),ISNUMBER(Table1[[#This Row],[Birthweight (grams)]]),ISNUMBER(Table1[[#This Row],[Gestation (days)]])),TRUE,FALSE) -> FALSE | E10000: =IF(Table1[[#This Row],[Is Data Valid]]=TRUE,IF(Table1[[#This Row],[Fetal Sex (Male, Female or Unknown)]]="Male",Backend!$C$6,IF(Table1[[#This Row],[Fetal Sex (Male, Female or Unknown)]]="Female",Backend!$C$7,IF(Table1[[#This Row],[Fetal Sex (Male, Female or Unknown)]]="Unknown",Backend!$C$8,"Error"))),"") | F10000: =IF(Table1[[#This Row],[Is Data Valid]]=TRUE,EXP(0.578+0.332*((Table1[[#This Row],[Gestation (days)]]+0.5)/7)-0.00354*((Table1[[#This Row],[Gestation (days)]]+0.5)/7)^2)*Table1[[#This Row],[BW40_3705]],"") | G10000: =IF(Table1[[#This Row],[Is Data Valid]]=TRUE,((Table1[[#This Row],[Birthweight (grams)]]/Table1[[#This Row],[BW_GA]])-1)/(Backend!$B$4/100*Table1[[#This Row],[BW40_3705]]),"") | H10000: =IF(Table1[[#This Row],[Is Data Valid]]=TRUE,((Table1[[#This Row],[Birthweight (grams)]]*0.9/Table1[[#This Row],[BW_GA]])-1)/(Backend!$B$4/100*Table1[[#This Row],[BW40_3705]]),"") | I10000: =IF(Table1[[#This Row],[Is Data Valid]]=TRUE,((Table1[[#This Row],[Birthweight (grams)]]*1.1/Table1[[#This Row],[BW_GA]])-1)/(Backend!$B$4/100*Table1[[#This Row],[BW40_3705]]),"") | J10000: =IF(Table1[[#This Row],[Is Data Valid]]=TRUE,_xlfn.NORM.S.DIST(Table1[[#This Row],[Birthweight Z-Score]],TRUE)*100,"") | K10000: =IF(Table1[[#This Row],[Is Data Valid]]=TRUE,_xlfn.NORM.S.DIST(Table1[[#This Row],[Birthweight Z-Score (BW-10%)]],TRUE)*100,"") | L10000: =IF(Table1[[#This Row],[Is Data Valid]]=TRUE,_xlfn.NORM.S.DIST(Table1[[#This Row],[Birthweight Z-Score (BW+10%)]],TRUE)*100,"")

Sheet Backend
A1: Selected Data Source | B1: AIHW 2013-2023 | C1: <- Select source using this cell
B3: THIS COLUMN IS POPULATED FROM THE SELECTED DATA SOURCE | C3: DO NOT EDIT VALUES IN THIS COLUMN
A4: Standard Deviation of Birthweight at 40 weeks (expressed as a % of mean birthweight) | B4: =VLOOKUP(B1,Data_Sources_Full,3,FALSE) -> 11.182829
A5: Mean Birthweight at 40 weeks by Sex | B5: BW40 | C5: BW40_3705
A6: Male | B6: =VLOOKUP(B1,Data_Sources_Full,4,FALSE) -> 3633 | C6: =B6/3705 -> 0.9805668
A7: Female | B7: =VLOOKUP(B1,Data_Sources_Full,5,FALSE) -> 3503 | C7: =B7/3705 -> 0.94547908
A8: Unknown | B8: =VLOOKUP(B1,Data_Sources_Full,6,FALSE) -> 3568 | C8: =B8/3705 -> 0.96302294

Sheet Sources
A1: Data Source | B1: Reference | C1: Standard Deviation (%) | D1: Male (g) | E1: Female (g) | F1: Unknown (g)
A2: AIHW 2004-2013 | B2: https://www.aihw.gov.au/reports/mothers-babies/australias-mothers-babies/archived-content | C2: 11.77056 | D2: 3641 | E2: 3504 | F2: 3573
A3: AIHW 2013-2023 | B3: https://www.aihw.gov.au/reports/mothers-babies/australias-mothers-babies/data | C3: 11.182829 | D3: 3633 | E3: 3503 | F3: 3568
A51: Values outside this box are not selectable
